,ST,ET,sidx,eidx,bB,bBS,bA,bAS,O,H,L,C,V,OF,eB,eBS,eA,eAS
2016-10-31 08:00:00,08:00:00,08:00:59,1772,2107,17360.0,57,17365.0,23,17365.0,17375.0,17360.0,17375.0,378,172,17375,4,17380,43
2016-10-31 08:01:00,08:01:00,08:01:59,2108,2434,17370.0,46,17375.0,19,17375.0,17375.0,17360.0,17365.0,386,-209,17360,84,17370,51
2016-10-31 08:02:00,08:02:00,08:02:47,2435,2628,17360.0,78,17365.0,24,17365.0,17370.0,17365.0,17370.0,200,-17,17370,6,17375,44
2016-10-31 08:03:00,08:03:04,08:03:55,2642,2967,17370.0,21,17375.0,69,17370.0,17370.0,17355.0,17355.0,533,-237,17355,23,17360,32
2016-10-31 08:04:00,08:04:11,08:04:50,2996,3094,17355.0,63,17360.0,50,17360.0,17365.0,17360.0,17360.0,105,-13,17360,12,17365,64
2016-10-31 08:05:00,08:05:00,08:05:52,3110,3249,17360.0,14,17365.0,69,17365.0,17365.0,17355.0,17365.0,100,52,17360,48,17365,59
2016-10-31 08:06:00,08:06:00,08:06:57,3261,3653,17360.0,53,17365.0,56,17365.0,17385.0,17365.0,17385.0,533,135,17385,24,17390,69
2016-10-31 08:07:00,08:07:02,08:07:51,3668,4035,17385.0,53,17390.0,38,17390.0,17395.0,17385.0,17395.0,541,119,17395,34,17400,72
2016-10-31 08:08:00,08:08:06,08:08:42,4056,4180,17395.0,97,17400.0,52,17395.0,17400.0,17395.0,17395.0,107,-81,17390,62,17395,17
2016-10-31 08:09:00,08:09:00,08:09:54,4200,4448,17390.0,58,17395.0,61,17395.0,17400.0,17390.0,17400.0,284,30,17395,45,17400,44
2016-10-31 08:10:00,08:10:02,08:10:54,4459,4644,17395.0,34,17400.0,56,17395.0,17400.0,17390.0,17390.0,336,-272,17385,42,17390,67
2016-10-31 08:11:00,08:11:01,08:11:58,4663,5004,17385.0,28,17390.0,87,17385.0,17395.0,17385.0,17395.0,505,-81,17395,48,17400,64
2016-10-31 08:12:00,08:12:00,08:12:58,5007,5194,17395.0,42,17400.0,61,17395.0,17400.0,17390.0,17395.0,220,-20,17395,46,17400,50
2016-10-31 08:13:00,08:13:02,08:13:59,5196,5423,17395.0,46,17400.0,74,17400.0,17400.0,17395.0,17395.0,246,28,17395,21,17400,65
2016-10-31 08:14:00,08:14:02,08:14:57,5428,5756,17395.0,9,17400.0,65,17395.0,17410.0,17395.0,17405.0,551,25,17400,53,17405,11
2016-10-31 08:15:00,08:15:01,08:15:56,5764,5999,17400.0,52,17405.0,30,17405.0,17410.0,17395.0,17395.0,228,-90,17395,31,17400,67
2016-10-31 08:16:00,08:16:10,08:16:57,6020,6141,17395.0,37,17400.0,57,17395.0,17405.0,17395.0,17405.0,141,139,17400,72,17405,20
2016-10-31 08:17:00,08:17:02,08:17:57,6155,6621,17400.0,62,17405.0,38,17405.0,17405.0,17400.0,17400.0,711,-428,17400,13,17405,60
2016-10-31 08:18:00,08:18:02,08:18:59,6628,6926,17400.0,26,17405.0,60,17400.0,17410.0,17395.0,17405.0,459,44,17400,54,17405,34
2016-10-31 08:19:00,08:19:01,08:19:48,6932,7079,17400.0,59,17405.0,34,17400.0,17405.0,17400.0,17405.0,184,86,17400,63,17405,10
2016-10-31 08:20:00,08:20:02,08:20:58,7099,7338,17400.0,73,17405.0,52,17405.0,17405.0,17395.0,17395.0,280,-61,17395,49,17400,45
2016-10-31 08:21:00,08:21:01,08:21:58,7341,7747,17395.0,49,17400.0,45,17400.0,17420.0,17400.0,17415.0,596,210,17410,61,17415,29
2016-10-31 08:22:00,08:22:02,08:22:56,7763,7925,17410.0,62,17415.0,26,17415.0,17415.0,17405.0,17410.0,131,13,17410,15,17415,51
2016-10-31 08:23:00,08:23:00,08:23:08,7937,7986,17410.0,25,17415.0,55,17410.0,17410.0,17410.0,17410.0,57,-31,17410,12,17415,54
2016-10-31 08:24:00,08:24:21,08:24:49,8068,8187,17410.0,64,17415.0,47,17415.0,17420.0,17410.0,17415.0,138,78,17415,8,17420,151
2016-10-31 08:25:00,08:25:04,08:25:51,8211,8365,17415.0,25,17420.0,155,17415.0,17415.0,17415.0,17415.0,157,32,17415,20,17420,145
2016-10-31 08:26:00,08:26:12,08:26:49,8402,8480,17415.0,51,17420.0,156,17420.0,17420.0,17415.0,17420.0,61,-43,17415,43,17420,150
2016-10-31 08:27:00,08:27:00,08:27:45,8493,8602,17415.0,12,17420.0,156,17420.0,17420.0,17415.0,17415.0,66,-2,17415,49,17420,147
2016-10-31 08:28:00,08:28:02,08:28:59,8620,8710,17415.0,50,17420.0,151,17420.0,17420.0,17415.0,17420.0,33,11,17415,60,17420,168
2016-10-31 08:29:00,08:29:00,08:29:58,8711,8920,17415.0,55,17420.0,174,17420.0,17420.0,17410.0,17420.0,366,150,17415,28,17420,121
2016-10-31 08:30:00,08:30:00,08:30:57,8926,8993,17415.0,25,17420.0,125,17420.0,17420.0,17415.0,17415.0,26,20,17415,57,17420,83
2016-10-31 08:31:00,08:31:03,08:31:58,9000,9100,17415.0,63,17420.0,85,17420.0,17420.0,17415.0,17415.0,59,11,17415,56,17420,67
2016-10-31 08:32:00,08:32:00,08:32:45,9106,9157,17415.0,62,17420.0,65,17420.0,17420.0,17415.0,17420.0,24,18,17415,57,17420,74
2016-10-31 08:33:00,08:33:00,08:33:26,9164,9230,17415.0,55,17420.0,76,17420.0,17420.0,17410.0,17415.0,80,-62,17410,71,17415,41
2016-10-31 08:34:00,08:34:00,08:34:41,9248,9330,17410.0,68,17415.0,67,17415.0,17415.0,17405.0,17410.0,86,-78,17410,48,17415,62
2016-10-31 08:35:00,08:35:17,08:35:56,9364,9479,17410.0,52,17415.0,65,17410.0,17415.0,17405.0,17415.0,145,-31,17410,43,17415,38
2016-10-31 08:36:00,08:36:00,08:36:29,9482,9554,17410.0,43,17415.0,38,17415.0,17415.0,17405.0,17405.0,54,-40,17405,62,17410,46
2016-10-31 08:37:00,08:37:02,08:37:58,9584,9723,17405.0,71,17410.0,36,17410.0,17410.0,17400.0,17400.0,177,-141,17400,3,17405,56
2016-10-31 08:38:00,08:38:14,08:38:58,9745,9849,17400.0,25,17405.0,62,17400.0,17400.0,17395.0,17395.0,104,-76,17395,8,17400,118
2016-10-31 08:39:00,08:39:01,08:39:35,9852,9910,17395.0,9,17400.0,115,17395.0,17400.0,17395.0,17395.0,48,-4,17395,42,17400,130
2016-10-31 08:40:00,08:40:44,08:40:49,9942,9991,17395.0,55,17400.0,132,17395.0,17395.0,17395.0,17395.0,84,-80,17395,10,17400,119
2016-10-31 08:41:00,08:41:11,08:41:25,10026,10038,17395.0,31,17400.0,117,17395.0,17395.0,17395.0,17395.0,13,-13,17395,16,17400,125
2016-10-31 08:42:00,08:42:05,08:42:59,10064,10139,17395.0,16,17400.0,266,17400.0,17400.0,17395.0,17395.0,45,35,17395,35,17400,229
2016-10-31 08:43:00,08:43:01,08:43:52,10144,10207,17395.0,34,17400.0,234,17400.0,17400.0,17395.0,17400.0,17,15,17395,35,17400,225
2016-10-31 08:44:00,08:44:04,08:44:59,10219,10351,17395.0,25,17400.0,229,17400.0,17400.0,17395.0,17400.0,259,201,17395,31,17400,44
2016-10-31 08:45:00,08:45:05,08:45:55,10356,10450,17395.0,33,17400.0,43,17400.0,17400.0,17400.0,17400.0,73,25,17395,58,17400,32
2016-10-31 08:46:00,08:46:00,08:46:55,10457,10664,17395.0,56,17400.0,37,17400.0,17400.0,17390.0,17400.0,227,-81,17395,49,17400,57
2016-10-31 08:47:00,08:47:00,08:47:44,10678,10769,17395.0,50,17400.0,38,17400.0,17400.0,17395.0,17395.0,71,-23,17390,40,17395,90
2016-10-31 08:48:00,08:48:03,08:48:58,10791,10877,17390.0,57,17395.0,75,17395.0,17395.0,17395.0,17395.0,103,65,17390,55,17395,26
2016-10-31 08:49:00,08:49:15,08:49:58,10889,10925,17390.0,58,17395.0,33,17395.0,17395.0,17395.0,17395.0,7,7,17390,52,17395,45
2016-10-31 08:50:00,08:50:01,08:50:56,10928,11012,17390.0,52,17395.0,45,17390.0,17395.0,17390.0,17395.0,19,11,17390,64,17395,32
2016-10-31 08:51:00,08:51:04,08:51:59,11025,11207,17390.0,59,17395.0,42,17395.0,17395.0,17385.0,17385.0,158,-146,17385,46,17390,58
2016-10-31 08:52:00,08:52:06,08:52:36,11219,11365,17385.0,56,17390.0,52,17390.0,17395.0,17390.0,17390.0,189,1,17390,23,17395,62
2016-10-31 08:53:00,08:53:17,08:53:43,11404,11495,17390.0,44,17395.0,66,17395.0,17395.0,17390.0,17390.0,97,-45,17385,54,17395,71
2016-10-31 08:54:00,08:54:00,08:54:59,11515,11636,17390.0,30,17395.0,59,17390.0,17390.0,17385.0,17385.0,105,-19,17380,102,17385,14
2016-10-31 08:55:00,08:55:00,08:55:54,11637,11852,17385.0,47,17390.0,36,17385.0,17385.0,17380.0,17380.0,227,-151,17380,30,17385,38
2016-10-31 08:56:00,08:56:16,08:56:52,11881,12098,17380.0,49,17385.0,47,17385.0,17385.0,17375.0,17375.0,312,-136,17375,2,17380,74
2016-10-31 08:57:00,08:57:01,08:57:57,12104,12339,17375.0,2,17380.0,75,17375.0,17380.0,17365.0,17375.0,335,45,17370,51,17375,72
2016-10-31 08:58:00,08:58:17,08:58:38,12348,12421,17370.0,50,17375.0,77,17375.0,17375.0,17370.0,17375.0,70,62,17370,59,17375,20
2016-10-31 08:59:00,08:59:07,08:59:59,12457,12593,17370.0,59,17375.0,37,17375.0,17380.0,17375.0,17375.0,124,8,17370,40,17375,13
2016-10-31 09:00:00,09:00:00,09:00:58,12595,12713,17370.0,44,17375.0,13,17375.0,17375.0,17365.0,17365.0,64,-62,17365,76,17370,40
2016-10-31 09:01:00,09:01:05,09:01:59,12723,12802,17365.0,77,17370.0,35,17370.0,17370.0,17365.0,17365.0,30,-4,17365,81,17370,68
2016-10-31 09:02:00,09:02:00,09:02:59,12806,12981,17365.0,85,17370.0,68,17370.0,17380.0,17370.0,17375.0,232,36,17375,14,17380,70
2016-10-31 09:03:00,09:03:01,09:03:57,12989,13069,17375.0,36,17380.0,69,17375.0,17380.0,17375.0,17380.0,33,-31,17375,46,17380,58
2016-10-31 09:04:00,09:04:07,09:04:50,13079,13125,17375.0,50,17380.0,60,17380.0,17380.0,17375.0,17375.0,28,20,17375,18,17380,70
2016-10-31 09:05:00,09:05:01,09:05:40,13136,13277,17375.0,45,17380.0,53,17380.0,17380.0,17375.0,17380.0,119,-53,17375,60,17385,69
2016-10-31 09:06:00,09:06:14,09:06:57,13314,13423,17375.0,51,17380.0,16,17380.0,17380.0,17375.0,17375.0,87,-19,17370,56,17375,23
2016-10-31 09:07:00,09:07:19,09:07:46,13451,13545,17370.0,45,17375.0,43,17370.0,17370.0,17360.0,17365.0,82,-60,17360,58,17365,4
2016-10-31 09:08:00,09:08:15,09:08:15,13589,13589,17360.0,52,17365.0,26,17365.0,17365.0,17365.0,17365.0,1,1,17360,53,17365,20
2016-10-31 09:09:00,09:09:01,09:09:52,13635,13834,17360.0,62,17365.0,22,17365.0,17365.0,17360.0,17365.0,259,-17,17365,22,17370,74
2016-10-31 09:10:00,09:10:03,09:10:57,13840,14460,17365.0,24,17370.0,75,17365.0,17365.0,17330.0,17340.0,1003,-421,17340,64,17345,27
2016-10-31 09:11:00,09:11:12,09:11:51,14493,14638,17340.0,59,17345.0,52,17340.0,17340.0,17330.0,17335.0,176,16,17335,33,17340,57
2016-10-31 09:12:00,09:12:01,09:12:56,14650,14795,17335.0,37,17340.0,53,17335.0,17340.0,17335.0,17335.0,138,-8,17335,82,17340,38
2016-10-31 09:13:00,09:13:05,09:13:57,14803,15003,17335.0,88,17340.0,38,17340.0,17350.0,17335.0,17340.0,191,-43,17340,58,17345,44
2016-10-31 09:14:00,09:14:01,09:14:58,15011,15146,17340.0,45,17345.0,57,17340.0,17340.0,17335.0,17335.0,88,2,17335,60,17340,30
2016-10-31 09:15:00,09:15:00,09:15:59,15150,15353,17335.0,60,17340.0,32,17340.0,17340.0,17330.0,17330.0,192,-154,17330,60,17335,59
2016-10-31 09:16:00,09:16:00,09:16:52,15355,15514,17330.0,60,17335.0,92,17335.0,17335.0,17330.0,17330.0,158,72,17330,64,17335,45
2016-10-31 09:17:00,09:17:00,09:17:58,15522,15695,17330.0,67,17335.0,46,17330.0,17335.0,17330.0,17335.0,130,34,17330,58,17335,10
2016-10-31 09:18:00,09:18:00,09:18:56,15697,15792,17330.0,62,17335.0,10,17335.0,17335.0,17330.0,17335.0,41,-11,17335,28,17340,56
2016-10-31 09:19:00,09:19:19,09:19:57,15831,15986,17335.0,64,17340.0,52,17340.0,17345.0,17335.0,17340.0,169,67,17340,58,17345,41
2016-10-31 09:20:00,09:20:00,09:20:57,15994,16128,17340.0,53,17345.0,47,17345.0,17345.0,17330.0,17330.0,69,-51,17330,51,17335,34
2016-10-31 09:21:00,09:21:00,09:21:50,16132,16263,17330.0,51,17335.0,33,17335.0,17335.0,17335.0,17335.0,64,4,17330,49,17335,2
2016-10-31 09:22:00,09:22:02,09:22:50,16280,16506,17330.0,45,17335.0,22,17335.0,17335.0,17325.0,17330.0,223,-111,17330,61,17335,47
2016-10-31 09:23:00,09:23:00,09:23:56,16523,16646,17330.0,41,17335.0,69,17335.0,17335.0,17330.0,17335.0,119,37,17330,50,17335,57
2016-10-31 09:24:00,09:24:00,09:24:57,16653,16857,17330.0,50,17335.0,57,17335.0,17340.0,17330.0,17335.0,214,-24,17335,34,17340,63
2016-10-31 09:25:00,09:25:00,09:25:57,16867,17091,17335.0,34,17340.0,64,17340.0,17345.0,17335.0,17340.0,224,2,17340,64,17345,28
2016-10-31 09:26:00,09:26:03,09:26:58,17104,17244,17340.0,64,17345.0,35,17345.0,17345.0,17340.0,17345.0,99,-28,17345,81,17350,52
2016-10-31 09:27:00,09:27:06,09:27:59,17256,17354,17345.0,85,17350.0,45,17350.0,17350.0,17345.0,17345.0,47,31,17345,72,17350,54
2016-10-31 09:28:00,09:28:02,09:28:58,17359,17474,17345.0,74,17350.0,54,17350.0,17355.0,17345.0,17355.0,64,50,17350,94,17355,55
2016-10-31 09:29:00,09:29:00,09:29:55,17477,17698,17350.0,95,17355.0,33,17355.0,17360.0,17350.0,17350.0,205,-15,17350,29,17355,58
2016-10-31 09:30:00,09:30:14,09:30:45,17739,17804,17350.0,57,17355.0,52,17350.0,17350.0,17350.0,17350.0,8,-8,17350,41,17355,55
2016-10-31 09:31:00,09:31:00,09:31:59,17838,18024,17350.0,52,17355.0,52,17355.0,17360.0,17350.0,17360.0,184,156,17355,60,17360,54
2016-10-31 09:32:00,09:32:01,09:32:59,18030,18218,17355.0,71,17360.0,57,17355.0,17355.0,17350.0,17350.0,160,-138,17350,36,17355,49
2016-10-31 09:33:00,09:33:00,09:33:54,18220,18507,17350.0,36,17355.0,51,17350.0,17355.0,17350.0,17355.0,269,61,17350,55,17355,14
2016-10-31 09:34:00,09:34:00,09:34:47,18517,18684,17350.0,58,17355.0,15,17355.0,17355.0,17345.0,17345.0,184,-26,17345,52,17350,57
2016-10-31 09:35:00,09:35:32,09:35:48,18760,18811,17345.0,73,17350.0,68,17345.0,17350.0,17345.0,17350.0,22,20,17345,80,17350,31
2016-10-31 09:36:00,09:36:01,09:36:57,18840,19171,17345.0,74,17350.0,42,17350.0,17360.0,17350.0,17355.0,360,-156,17355,27,17360,59
2016-10-31 09:37:00,09:37:04,09:37:59,19184,19334,17355.0,34,17360.0,60,17355.0,17355.0,17355.0,17355.0,39,-34,17355,38,17360,54
2016-10-31 09:38:00,09:38:09,09:38:50,19347,19491,17355.0,41,17360.0,55,17355.0,17360.0,17355.0,17355.0,127,-13,17355,30,17360,92
2016-10-31 09:39:00,09:39:10,09:39:59,19504,19544,17355.0,29,17360.0,93,17355.0,17360.0,17355.0,17360.0,9,-3,17355,53,17360,89
2016-10-31 09:40:00,09:40:01,09:40:59,19548,19716,17355.0,50,17360.0,89,17355.0,17360.0,17350.0,17355.0,201,-85,17355,12,17360,61
2016-10-31 09:41:00,09:41:02,09:41:42,19722,19808,17355.0,13,17360.0,61,17355.0,17360.0,17350.0,17360.0,41,-25,17355,33,17360,56
2016-10-31 09:42:00,09:42:03,09:42:53,19832,19904,17355.0,63,17360.0,53,17355.0,17360.0,17355.0,17360.0,44,38,17360,26,17365,90
2016-10-31 09:43:00,09:43:00,09:43:58,19914,20052,17360.0,30,17365.0,89,17365.0,17370.0,17365.0,17370.0,126,122,17365,76,17370,36
2016-10-31 09:44:00,09:44:04,09:44:56,20061,20158,17365.0,81,17370.0,43,17370.0,17370.0,17370.0,17370.0,50,50,17365,65,17370,20
2016-10-31 09:45:00,09:45:04,09:45:55,20171,20320,17365.0,66,17370.0,47,17370.0,17370.0,17365.0,17365.0,126,2,17360,76,17365,15
2016-10-31 09:46:00,09:46:21,09:46:41,20361,20409,17360.0,83,17365.0,9,17365.0,17370.0,17365.0,17370.0,18,16,17365,75,17370,35
2016-10-31 09:47:00,09:47:04,09:47:58,20434,20558,17365.0,81,17370.0,49,17370.0,17370.0,17365.0,17365.0,122,42,17365,31,17370,53
2016-10-31 09:48:00,09:48:17,09:48:57,20574,20628,17365.0,25,17370.0,57,17365.0,17365.0,17365.0,17365.0,37,-37,17360,61,17365,11
2016-10-31 09:49:00,09:49:06,09:49:58,20644,20747,17360.0,70,17365.0,10,17365.0,17365.0,17365.0,17365.0,51,35,17365,15,17370,55
2016-10-31 09:50:00,09:50:13,09:50:34,20764,20818,17365.0,36,17370.0,56,17365.0,17365.0,17365.0,17365.0,31,-21,17360,72,17365,4
2016-10-31 09:51:00,09:51:16,09:51:30,20863,20897,17360.0,69,17365.0,34,17365.0,17365.0,17365.0,17365.0,16,12,17360,62,17365,38
2016-10-31 09:52:00,09:52:38,09:52:51,20948,20982,17360.0,61,17365.0,51,17365.0,17365.0,17365.0,17365.0,29,29,17360,69,17365,12
2016-10-31 09:53:00,09:53:05,09:53:54,20996,21100,17360.0,73,17365.0,20,17365.0,17370.0,17365.0,17370.0,41,21,17365,35,17370,49
2016-10-31 09:54:00,09:54:09,09:54:38,21119,21159,17365.0,50,17370.0,48,17365.0,17365.0,17365.0,17365.0,9,-9,17365,49,17370,52
2016-10-31 09:55:00,09:55:02,09:55:56,21186,21369,17365.0,45,17370.0,54,17370.0,17375.0,17370.0,17370.0,141,103,17365,64,17370,41
2016-10-31 09:56:00,09:56:01,09:56:59,21375,21614,17365.0,63,17370.0,40,17370.0,17370.0,17360.0,17360.0,208,-66,17355,73,17360,2
2016-10-31 09:57:00,09:57:00,09:57:43,21615,21710,17360.0,3,17365.0,56,17360.0,17360.0,17355.0,17355.0,48,-36,17350,58,17355,33
2016-10-31 09:58:00,09:58:10,09:58:29,21751,21806,17350.0,64,17355.0,36,17355.0,17355.0,17355.0,17355.0,23,23,17350,67,17355,15
2016-10-31 09:59:00,09:59:10,09:59:57,21848,21944,17350.0,71,17355.0,41,17355.0,17360.0,17355.0,17360.0,71,51,17355,80,17360,54
2016-10-31 10:00:00,10:00:00,10:00:58,21952,22108,17355.0,81,17360.0,60,17360.0,17360.0,17350.0,17350.0,89,-71,17350,43,17355,68
2016-10-31 10:01:00,10:01:00,10:01:00,0,0,0.0,0,0.0,0,17350.0,17350.0,17350.0,17350.0,0,0,0,0,0,0
2016-10-31 10:02:00,10:02:02,10:02:36,22150,22187,17350.0,87,17355.0,57,17355.0,17355.0,17350.0,17355.0,35,29,17355,46,17360,54
2016-10-31 10:03:00,10:03:00,10:03:40,22230,22323,17355.0,72,17360.0,32,17360.0,17360.0,17355.0,17360.0,45,-15,17355,37,17360,70
2016-10-31 10:04:00,10:04:00,10:04:23,22349,22409,17355.0,67,17360.0,57,17360.0,17360.0,17355.0,17355.0,32,-18,17350,70,17355,31
2016-10-31 10:05:00,10:05:11,10:05:27,22464,22501,17350.0,68,17355.0,68,17355.0,17355.0,17350.0,17350.0,47,-41,17345,45,17350,83
2016-10-31 10:06:00,10:06:09,10:06:56,22532,22651,17345.0,71,17350.0,72,17350.0,17350.0,17345.0,17350.0,72,6,17345,34,17350,71
2016-10-31 10:07:00,10:07:00,10:07:33,22664,22718,17345.0,58,17350.0,59,17350.0,17350.0,17350.0,17350.0,36,36,17350,40,17355,69
2016-10-31 10:08:00,10:08:11,10:08:55,22770,22883,17350.0,76,17355.0,69,17355.0,17360.0,17350.0,17360.0,100,-26,17355,52,17360,46
2016-10-31 10:09:00,10:09:16,10:09:57,22895,22999,17355.0,66,17360.0,34,17360.0,17360.0,17360.0,17360.0,83,29,17355,122,17360,31
2016-10-31 10:10:00,10:10:00,10:10:49,23006,23092,17355.0,122,17360.0,31,17360.0,17365.0,17360.0,17365.0,19,17,17360,59,17365,53
2016-10-31 10:11:00,10:11:01,10:11:59,23107,23226,17360.0,59,17365.0,55,17365.0,17365.0,17360.0,17360.0,102,-38,17360,19,17365,57
2016-10-31 10:12:00,10:12:01,10:12:43,23234,23288,17360.0,8,17365.0,56,17360.0,17360.0,17360.0,17360.0,33,17,17355,118,17360,35
2016-10-31 10:13:00,10:13:03,10:13:40,23311,23414,17355.0,124,17360.0,31,17360.0,17360.0,17360.0,17360.0,65,13,17355,112,17360,49
2016-10-31 10:14:00,10:14:07,10:14:41,23436,23520,17355.0,111,17360.0,74,17360.0,17360.0,17360.0,17360.0,74,42,17360,30,17365,59
2016-10-31 10:15:00,10:15:00,10:15:49,23540,23597,17360.0,55,17365.0,50,17365.0,17365.0,17365.0,17365.0,7,7,17360,65,17365,46
2016-10-31 10:16:00,10:16:00,10:16:33,23600,23689,17360.0,65,17365.0,46,17365.0,17365.0,17365.0,17365.0,77,-5,17360,62,17365,15
2016-10-31 10:17:00,10:17:02,10:17:58,23721,23871,17360.0,62,17365.0,33,17365.0,17375.0,17365.0,17375.0,102,84,17370,78,17375,14
2016-10-31 10:18:00,10:18:03,10:18:55,23880,24010,17370.0,77,17375.0,82,17375.0,17375.0,17375.0,17375.0,84,48,17370,107,17375,58
2016-10-31 10:19:00,10:19:00,10:19:19,24016,24042,17370.0,107,17375.0,52,17375.0,17375.0,17370.0,17375.0,10,0,17370,106,17375,50
2016-10-31 10:20:00,10:20:01,10:20:43,24077,24216,17370.0,109,17375.0,50,17375.0,17380.0,17375.0,17380.0,169,-3,17375,75,17380,38
2016-10-31 10:21:00,10:21:12,10:21:57,24250,24437,17375.0,72,17380.0,57,17380.0,17380.0,17375.0,17375.0,229,-31,17370,65,17375,50
2016-10-31 10:22:00,10:22:00,10:22:49,24450,24619,17370.0,70,17375.0,43,17375.0,17380.0,17370.0,17375.0,185,-88,17370,39,17375,52
2016-10-31 10:23:00,10:23:05,10:23:34,24650,24742,17370.0,63,17375.0,49,17375.0,17375.0,17375.0,17375.0,145,145,17370,66,17380,73
2016-10-31 10:24:00,10:24:13,10:24:55,24776,24802,17375.0,33,17380.0,62,17380.0,17380.0,17380.0,17380.0,3,3,17375,53,17380,58
2016-10-31 10:25:00,10:25:01,10:25:57,24808,24944,17375.0,50,17380.0,57,17380.0,17380.0,17375.0,17375.0,58,-32,17370,59,17375,18
2016-10-31 10:26:00,10:26:00,10:26:47,24949,25010,17370.0,63,17375.0,19,17375.0,17375.0,17370.0,17370.0,39,35,17370,61,17375,56
2016-10-31 10:27:00,10:27:02,10:27:50,25034,25111,17370.0,67,17375.0,34,17375.0,17375.0,17375.0,17375.0,42,42,17370,61,17375,35
2016-10-31 10:28:00,10:28:01,10:28:59,25121,25203,17370.0,61,17375.0,16,17370.0,17375.0,17370.0,17375.0,50,-36,17370,65,17375,57
2016-10-31 10:29:00,10:29:05,10:29:58,25210,25399,17370.0,62,17375.0,58,17370.0,17375.0,17365.0,17375.0,190,-94,17370,57,17375,60
2016-10-31 10:30:00,10:30:00,10:30:16,25405,25450,17370.0,58,17375.0,58,17375.0,17375.0,17370.0,17375.0,54,52,17370,73,17375,8
2016-10-31 10:31:00,10:31:01,10:31:53,25490,25617,17370.0,83,17375.0,61,17375.0,17375.0,17375.0,17375.0,87,57,17370,68,17375,11
2016-10-31 10:32:00,10:32:08,10:32:12,25635,25645,17370.0,70,17375.0,10,17375.0,17375.0,17375.0,17375.0,12,12,17370,69,17375,10
2016-10-31 10:33:00,10:33:08,10:33:08,25676,25685,17370.0,55,17375.0,49,17375.0,17375.0,17375.0,17375.0,11,11,17370,54,17375,50
2016-10-31 10:34:00,10:34:09,10:34:49,25736,25760,17370.0,54,17375.0,51,17375.0,17375.0,17375.0,17375.0,6,6,17370,54,17375,45
2016-10-31 10:35:00,10:35:02,10:35:11,25773,25789,17370.0,46,17375.0,47,17375.0,17375.0,17370.0,17370.0,4,2,17370,46,17375,57
2016-10-31 10:36:00,10:36:09,10:36:36,25810,25870,17370.0,48,17375.0,58,17375.0,17375.0,17370.0,17370.0,107,-103,17365,49,17370,3
2016-10-31 10:37:00,10:37:00,10:37:00,0,0,0.0,0,0.0,0,17370.0,17370.0,17370.0,17370.0,0,0,0,0,0,0
2016-10-31 10:38:00,10:38:02,10:38:42,25920,25999,17365.0,46,17370.0,44,17370.0,17375.0,17370.0,17375.0,71,45,17370,61,17375,28
2016-10-31 10:39:00,10:39:00,10:39:55,26024,26078,17370.0,57,17375.0,43,17375.0,17375.0,17370.0,17370.0,28,-20,17365,47,17370,29
2016-10-31 10:40:00,10:40:03,10:40:58,26087,26150,17365.0,62,17370.0,25,17370.0,17375.0,17370.0,17375.0,48,30,17375,10,17380,63
2016-10-31 10:41:00,10:41:00,10:41:36,26156,26225,17375.0,15,17380.0,64,17380.0,17380.0,17375.0,17380.0,50,20,17375,20,17380,85
2016-10-31 10:42:00,10:42:00,10:42:34,26250,26305,17375.0,27,17380.0,86,17380.0,17380.0,17375.0,17380.0,59,57,17375,64,17380,16
2016-10-31 10:43:00,10:43:00,10:43:38,26332,26392,17375.0,59,17380.0,43,17380.0,17380.0,17380.0,17380.0,91,-11,17375,62,17380,5
2016-10-31 10:44:00,10:44:00,10:44:57,26407,26487,17375.0,52,17380.0,42,17380.0,17380.0,17375.0,17375.0,65,-33,17370,60,17375,9
2016-10-31 10:45:00,10:45:12,10:45:12,26503,26505,17370.0,58,17375.0,30,17375.0,17375.0,17375.0,17375.0,6,6,17370,63,17375,24
2016-10-31 10:46:00,10:46:09,10:46:51,26562,26618,17370.0,62,17375.0,23,17375.0,17375.0,17375.0,17375.0,44,36,17370,61,17375,5
2016-10-31 10:47:00,10:47:27,10:47:27,26653,26654,17370.0,80,17375.0,8,17375.0,17375.0,17375.0,17375.0,2,2,17375,47,17380,50
2016-10-31 10:48:00,10:48:08,10:48:51,26684,26751,17375.0,56,17380.0,36,17380.0,17385.0,17380.0,17385.0,51,51,17380,76,17385,43
2016-10-31 10:49:00,10:49:06,10:49:44,26759,26800,17380.0,79,17385.0,46,17385.0,17385.0,17385.0,17385.0,25,25,17385,27,17390,50
2016-10-31 10:50:00,10:50:01,10:50:46,26825,26931,17385.0,37,17390.0,40,17390.0,17390.0,17385.0,17385.0,49,-15,17380,70,17385,6
2016-10-31 10:51:00,10:51:44,10:51:57,26955,26981,17380.0,75,17385.0,11,17385.0,17385.0,17385.0,17385.0,10,-2,17380,71,17385,6
2016-10-31 10:52:00,10:52:00,10:52:00,0,0,0.0,0,0.0,0,17385.0,17385.0,17385.0,17385.0,0,0,0,0,0,0
2016-10-31 10:53:00,10:53:04,10:53:04,27030,27030,17380.0,76,17385.0,12,17385.0,17385.0,17385.0,17385.0,2,2,17380,74,17385,8
2016-10-31 10:54:00,10:54:03,10:54:03,27073,27073,17380.0,72,17385.0,21,17385.0,17385.0,17385.0,17385.0,2,2,17380,71,17385,22
2016-10-31 10:55:00,10:55:03,10:55:28,27096,27118,17380.0,70,17385.0,30,17385.0,17385.0,17385.0,17385.0,11,-1,17380,73,17385,12
2016-10-31 10:56:00,10:56:29,10:56:52,27159,27195,17380.0,70,17385.0,28,17385.0,17385.0,17380.0,17380.0,50,-46,17380,10,17385,49
2016-10-31 10:57:00,10:57:00,10:57:00,0,0,0.0,0,0.0,0,17380.0,17380.0,17380.0,17380.0,0,0,0,0,0,0
2016-10-31 10:58:00,10:58:04,10:58:23,27235,27264,17380.0,64,17385.0,38,17385.0,17385.0,17385.0,17385.0,29,29,17385,43,17390,44
2016-10-31 10:59:00,10:59:07,10:59:07,27302,27318,17385.0,52,17390.0,49,17390.0,17390.0,17390.0,17390.0,17,17,17385,60,17390,49
2016-10-31 11:00:00,11:00:06,11:00:58,27344,27376,17385.0,57,17390.0,76,17390.0,17390.0,17390.0,17390.0,5,5,17385,69,17390,70
2016-10-31 11:01:00,11:01:09,11:01:45,27383,27425,17385.0,60,17390.0,55,17390.0,17390.0,17390.0,17390.0,33,33,17385,59,17390,30
2016-10-31 11:02:00,11:02:00,11:02:45,27431,27573,17385.0,73,17390.0,30,17390.0,17400.0,17390.0,17400.0,259,259,17395,90,17400,52
2016-10-31 11:03:00,11:03:04,11:03:55,27578,27619,17395.0,89,17400.0,72,17400.0,17400.0,17395.0,17395.0,30,-20,17395,79,17400,81
2016-10-31 11:04:00,11:04:04,11:04:59,27626,27783,17395.0,83,17400.0,77,17400.0,17400.0,17395.0,17395.0,172,14,17395,25,17400,93
2016-10-31 11:05:00,11:05:04,11:05:31,27794,27827,17395.0,35,17400.0,90,17400.0,17400.0,17400.0,17400.0,10,10,17395,40,17400,84
2016-10-31 11:06:00,11:06:06,11:06:50,27864,27906,17395.0,56,17400.0,77,17400.0,17400.0,17400.0,17400.0,33,33,17395,66,17400,55
2016-10-31 11:07:00,11:07:02,11:07:57,27915,28089,17395.0,67,17400.0,58,17400.0,17405.0,17400.0,17400.0,146,26,17395,67,17400,44
2016-10-31 11:08:00,11:08:00,11:08:32,28095,28177,17395.0,69,17400.0,43,17400.0,17400.0,17400.0,17400.0,46,12,17395,70,17400,74
2016-10-31 11:09:00,11:09:05,11:09:59,28203,28298,17395.0,72,17400.0,74,17400.0,17400.0,17400.0,17400.0,107,93,17400,27,17405,58
2016-10-31 11:10:00,11:10:00,11:10:47,28300,28401,17400.0,27,17405.0,57,17400.0,17405.0,17400.0,17400.0,75,-47,17395,51,17400,9
2016-10-31 11:11:00,11:11:00,11:11:07,28423,28439,17395.0,48,17400.0,43,17400.0,17400.0,17400.0,17400.0,14,14,17395,49,17400,11
2016-10-31 11:12:00,11:12:09,11:12:32,28495,28533,17395.0,68,17400.0,17,17400.0,17400.0,17400.0,17400.0,24,10,17395,66,17400,19
2016-10-31 11:13:00,11:13:00,11:13:00,0,0,0.0,0,0.0,0,17400.0,17400.0,17400.0,17400.0,0,0,0,0,0,0
2016-10-31 11:14:00,11:14:10,11:14:10,28577,28577,17395.0,67,17400.0,29,17400.0,17400.0,17400.0,17400.0,2,2,17395,54,17400,39
2016-10-31 11:15:00,11:15:02,11:15:02,28600,28600,17395.0,73,17400.0,40,17400.0,17400.0,17400.0,17400.0,1,1,17395,72,17400,39
2016-10-31 11:16:00,11:16:03,11:16:03,28648,28648,17395.0,77,17400.0,39,17400.0,17400.0,17400.0,17400.0,2,2,17395,75,17400,36
2016-10-31 11:17:00,11:17:02,11:17:02,28676,28676,17395.0,76,17400.0,46,17400.0,17400.0,17400.0,17400.0,2,2,17395,78,17400,43
2016-10-31 11:18:00,11:18:07,11:18:28,28707,28753,17395.0,64,17400.0,48,17400.0,17400.0,17395.0,17395.0,56,-30,17390,94,17395,25
2016-10-31 11:19:00,11:19:20,11:19:20,28763,28764,17390.0,98,17395.0,58,17395.0,17395.0,17395.0,17395.0,2,2,17390,99,17395,55
2016-10-31 11:20:00,11:20:02,11:20:20,28769,28776,17390.0,98,17395.0,59,17395.0,17395.0,17395.0,17395.0,4,4,17390,99,17395,34
2016-10-31 11:21:00,11:21:01,11:21:54,28784,28828,17390.0,100,17395.0,35,17395.0,17395.0,17395.0,17395.0,58,10,17390,94,17400,47
2016-10-31 11:22:00,11:22:00,11:22:00,0,0,0.0,0,0.0,0,17395.0,17395.0,17395.0,17395.0,0,0,0,0,0,0
2016-10-31 11:23:00,11:23:01,11:23:56,28863,28965,17395.0,17,17400.0,45,17400.0,17400.0,17390.0,17390.0,111,-95,17390,18,17395,49
2016-10-31 11:24:00,11:24:03,11:24:59,28978,29051,17390.0,41,17395.0,41,17390.0,17395.0,17390.0,17395.0,19,17,17390,43,17395,40
2016-10-31 11:25:00,11:25:04,11:25:59,29058,29116,17390.0,43,17395.0,35,17395.0,17395.0,17395.0,17395.0,25,25,17390,41,17395,37
2016-10-31 11:26:00,11:26:02,11:26:55,29119,29213,17390.0,42,17395.0,38,17395.0,17395.0,17390.0,17395.0,75,27,17390,44,17395,48
2016-10-31 11:27:00,11:27:00,11:27:57,29216,29319,17390.0,43,17395.0,53,17395.0,17395.0,17390.0,17395.0,33,15,17390,41,17395,56
2016-10-31 11:28:00,11:28:01,11:28:57,29324,29386,17390.0,41,17395.0,50,17395.0,17395.0,17395.0,17395.0,24,24,17390,44,17395,52
2016-10-31 11:29:00,11:29:01,11:29:57,29388,29455,17390.0,45,17395.0,52,17395.0,17395.0,17395.0,17395.0,25,25,17390,41,17395,52
2016-10-31 11:30:00,11:30:00,11:30:57,29459,29572,17390.0,41,17395.0,53,17395.0,17395.0,17390.0,17395.0,100,86,17390,49,17395,47
2016-10-31 11:31:00,11:31:04,11:31:55,29582,29667,17390.0,71,17395.0,56,17395.0,17400.0,17395.0,17400.0,47,47,17395,59,17400,83
2016-10-31 11:32:00,11:32:01,11:32:37,29678,29705,17395.0,54,17400.0,84,17400.0,17400.0,17395.0,17400.0,7,3,17395,62,17400,71
2016-10-31 11:33:00,11:33:08,11:33:30,29716,29738,17395.0,75,17400.0,77,17400.0,17400.0,17400.0,17400.0,2,2,17395,71,17400,83
2016-10-31 11:34:00,11:34:04,11:34:36,29755,29821,17395.0,68,17400.0,85,17400.0,17405.0,17400.0,17405.0,56,56,17400,74,17405,82
2016-10-31 11:35:00,11:35:08,11:35:15,29848,29856,17400.0,85,17405.0,84,17405.0,17405.0,17405.0,17405.0,3,3,17400,87,17405,74
2016-10-31 11:36:00,11:36:06,11:36:58,29896,30029,17400.0,102,17405.0,70,17405.0,17405.0,17395.0,17395.0,160,-147,17395,3,17400,77
2016-10-31 11:37:00,11:37:01,11:37:53,30036,30101,17395.0,15,17400.0,78,17400.0,17400.0,17395.0,17400.0,17,-9,17395,54,17400,77
2016-10-31 11:38:00,11:38:08,11:38:50,30120,30193,17395.0,72,17400.0,59,17400.0,17405.0,17400.0,17405.0,73,73,17400,63,17405,53
2016-10-31 11:39:00,11:39:01,11:39:41,30201,30301,17400.0,81,17405.0,69,17405.0,17405.0,17400.0,17400.0,124,-76,17400,19,17405,51
2016-10-31 11:40:00,11:40:01,11:40:31,30315,30357,17400.0,29,17405.0,53,17400.0,17405.0,17400.0,17405.0,36,-34,17400,56,17405,44
2016-10-31 11:41:00,11:41:02,11:41:57,30373,30420,17400.0,45,17405.0,49,17405.0,17405.0,17405.0,17405.0,4,4,17400,68,17405,34
2016-10-31 11:42:00,11:42:05,11:42:25,30427,30473,17400.0,68,17405.0,32,17405.0,17410.0,17405.0,17410.0,48,48,17405,42,17410,115
2016-10-31 11:43:00,11:43:03,11:43:12,30525,30568,17405.0,39,17410.0,130,17410.0,17410.0,17405.0,17405.0,79,-73,17400,63,17405,30
2016-10-31 11:44:00,11:44:02,11:44:55,30605,30666,17400.0,66,17405.0,56,17405.0,17405.0,17405.0,17405.0,13,13,17400,58,17405,52
2016-10-31 11:45:00,11:45:09,11:45:47,30674,30770,17400.0,55,17405.0,55,17405.0,17405.0,17395.0,17405.0,73,15,17400,52,17405,50
2016-10-31 11:46:00,11:46:19,11:46:40,30790,30809,17400.0,49,17405.0,57,17400.0,17405.0,17400.0,17405.0,3,-1,17400,41,17405,70
2016-10-31 11:47:00,11:47:02,11:47:52,30825,30893,17400.0,39,17405.0,76,17405.0,17405.0,17400.0,17400.0,49,-43,17400,80,17405,78
2016-10-31 11:48:00,11:48:25,11:48:55,30903,30946,17400.0,86,17405.0,82,17405.0,17405.0,17400.0,17400.0,51,-49,17395,66,17405,83
2016-10-31 11:49:00,11:49:07,11:49:54,30959,31009,17400.0,70,17405.0,76,17400.0,17405.0,17400.0,17400.0,22,-12,17400,66,17405,61
2016-10-31 11:50:00,11:50:01,11:50:47,31015,31064,17400.0,65,17405.0,58,17405.0,17405.0,17400.0,17400.0,9,-3,17400,59,17405,50
2016-10-31 11:51:00,11:51:03,11:51:58,31067,31110,17400.0,59,17405.0,50,17405.0,17405.0,17405.0,17405.0,40,40,17405,50,17410,114
2016-10-31 11:52:00,11:52:08,11:52:48,31122,31190,17405.0,60,17410.0,116,17410.0,17410.0,17405.0,17405.0,62,-47,17400,67,17405,15
2016-10-31 11:53:00,11:53:20,11:53:41,31218,31297,17400.0,60,17405.0,34,17405.0,17405.0,17400.0,17405.0,102,-22,17400,34,17405,54
2016-10-31 11:54:00,11:54:17,11:54:48,31321,31374,17400.0,24,17405.0,54,17400.0,17400.0,17395.0,17395.0,55,-19,17390,59,17395,11
2016-10-31 11:55:00,11:55:20,11:55:43,31398,31425,17390.0,52,17395.0,43,17395.0,17395.0,17390.0,17390.0,14,4,17390,50,17395,50
2016-10-31 11:56:00,11:56:19,11:56:51,31443,31476,17390.0,51,17395.0,49,17395.0,17395.0,17395.0,17395.0,27,27,17390,49,17395,54
2016-10-31 11:57:00,11:57:01,11:57:53,31481,31636,17390.0,49,17395.0,60,17395.0,17395.0,17385.0,17385.0,162,-125,17380,98,17385,1
2016-10-31 11:58:00,11:58:04,11:58:57,31652,31728,17380.0,85,17385.0,41,17385.0,17385.0,17375.0,17380.0,105,-85,17375,52,17380,60
2016-10-31 11:59:00,11:59:01,11:59:50,31731,31890,17375.0,52,17380.0,60,17375.0,17390.0,17375.0,17390.0,189,123,17385,37,17390,59
2016-10-31 12:00:00,12:00:07,12:00:46,31919,32048,17385.0,64,17390.0,37,17390.0,17390.0,17385.0,17385.0,148,-62,17385,11,17390,62
2016-10-31 12:01:00,12:01:22,12:01:47,32082,32114,17385.0,70,17390.0,41,17385.0,17385.0,17385.0,17385.0,31,-23,17385,21,17390,57
2016-10-31 12:02:00,12:02:20,12:02:20,32133,32135,17385.0,46,17390.0,49,17390.0,17390.0,17390.0,17390.0,4,4,17385,47,17390,45
2016-10-31 12:03:00,12:03:11,12:03:53,32161,32234,17385.0,65,17390.0,35,17390.0,17390.0,17385.0,17385.0,69,-61,17380,66,17385,77
2016-10-31 12:04:00,12:04:20,12:04:51,32264,32285,17380.0,57,17385.0,82,17385.0,17385.0,17385.0,17385.0,31,31,17380,54,17385,31
2016-10-31 12:05:00,12:05:05,12:05:35,32296,32310,17380.0,57,17385.0,49,17385.0,17385.0,17380.0,17385.0,4,2,17380,58,17385,46
2016-10-31 12:06:00,12:06:09,12:06:09,32331,32331,17380.0,61,17385.0,49,17385.0,17385.0,17385.0,17385.0,2,2,17380,59,17385,48
2016-10-31 12:07:00,12:07:06,12:07:55,32374,32500,17380.0,55,17385.0,57,17385.0,17390.0,17380.0,17390.0,172,134,17385,106,17390,41
2016-10-31 12:08:00,12:08:03,12:08:10,32511,32524,17385.0,113,17390.0,32,17390.0,17390.0,17390.0,17390.0,2,2,17385,103,17390,38
2016-10-31 12:09:00,12:09:22,12:09:23,32563,32572,17385.0,106,17390.0,41,17385.0,17390.0,17385.0,17390.0,26,16,17385,104,17390,17
2016-10-31 12:10:00,12:10:01,12:10:55,32592,32680,17385.0,106,17390.0,69,17390.0,17390.0,17380.0,17380.0,112,-106,17380,64,17385,114
2016-10-31 12:11:00,12:11:03,12:11:31,32687,32711,17380.0,83,17385.0,114,17385.0,17385.0,17380.0,17380.0,23,19,17380,70,17385,72
2016-10-31 12:12:00,12:12:04,12:12:30,32735,32764,17380.0,62,17385.0,80,17385.0,17385.0,17385.0,17385.0,43,43,17385,22,17390,57
2016-10-31 12:13:00,12:13:05,12:13:58,32796,32821,17385.0,64,17390.0,54,17390.0,17390.0,17390.0,17390.0,4,4,17385,75,17390,53
2016-10-31 12:14:00,12:14:06,12:14:21,32832,32844,17385.0,85,17390.0,57,17390.0,17390.0,17390.0,17390.0,4,4,17385,85,17390,57
2016-10-31 12:15:00,12:15:05,12:15:10,32879,32930,17385.0,96,17390.0,53,17390.0,17390.0,17390.0,17390.0,94,-14,17385,39,17390,77
2016-10-31 12:16:00,12:16:06,12:16:15,32993,33035,17385.0,62,17390.0,75,17385.0,17385.0,17385.0,17385.0,69,-65,17380,74,17385,25
2016-10-31 12:17:00,12:17:58,12:17:58,33166,33173,17380.0,70,17385.0,58,17385.0,17385.0,17385.0,17385.0,14,14,17385,17,17390,70
2016-10-31 12:18:00,12:18:05,12:18:58,33182,33314,17385.0,21,17390.0,71,17385.0,17385.0,17385.0,17385.0,150,110,17380,65,17385,38
2016-10-31 12:19:00,12:19:04,12:19:18,33320,33409,17380.0,58,17385.0,59,17385.0,17385.0,17385.0,17385.0,156,153,17380,58,17385,66
2016-10-31 12:20:00,12:20:10,12:20:26,33435,33467,17380.0,77,17385.0,42,17385.0,17390.0,17385.0,17390.0,34,32,17390,34,17395,62
2016-10-31 12:21:00,12:21:02,12:21:44,33492,33575,17390.0,82,17395.0,48,17395.0,17395.0,17395.0,17395.0,55,21,17390,78,17395,58
2016-10-31 12:22:00,12:22:14,12:22:20,33590,33600,17390.0,76,17395.0,61,17395.0,17395.0,17395.0,17395.0,2,2,17390,75,17395,65
2016-10-31 12:23:00,12:23:08,12:23:08,33616,33617,17390.0,71,17395.0,68,17395.0,17395.0,17395.0,17395.0,2,2,17390,70,17395,66
2016-10-31 12:24:00,12:24:05,12:24:05,33638,33638,17390.0,74,17395.0,57,17395.0,17395.0,17395.0,17395.0,2,2,17390,72,17395,55
2016-10-31 12:25:00,12:25:03,12:25:48,33660,33699,17390.0,79,17395.0,55,17395.0,17395.0,17395.0,17395.0,29,29,17390,64,17395,53
2016-10-31 12:26:00,12:26:08,12:26:33,33719,33727,17390.0,65,17395.0,52,17395.0,17395.0,17395.0,17395.0,4,4,17390,71,17395,44
2016-10-31 12:27:00,12:27:09,12:27:10,33753,33756,17390.0,76,17395.0,51,17395.0,17395.0,17395.0,17395.0,2,2,17390,76,17395,45
2016-10-31 12:28:00,12:28:09,12:28:42,33788,33815,17390.0,80,17395.0,48,17395.0,17395.0,17390.0,17395.0,39,37,17390,75,17395,29
2016-10-31 12:29:00,12:29:09,12:29:25,33828,33851,17390.0,79,17395.0,28,17395.0,17395.0,17395.0,17395.0,12,12,17390,75,17395,21
2016-10-31 12:30:00,12:30:09,12:30:37,33907,33977,17390.0,67,17395.0,39,17395.0,17395.0,17390.0,17390.0,70,-20,17390,76,17395,36
2016-10-31 12:31:00,12:31:50,12:31:50,33994,33995,17390.0,84,17395.0,42,17395.0,17395.0,17395.0,17395.0,3,3,17390,87,17395,35
2016-10-31 12:32:00,12:32:08,12:32:08,34003,34003,17390.0,88,17395.0,33,17395.0,17395.0,17395.0,17395.0,2,2,17390,86,17395,31
2016-10-31 12:33:00,12:33:16,12:33:46,34031,34052,17390.0,81,17395.0,53,17395.0,17395.0,17390.0,17390.0,7,5,17390,79,17395,86
2016-10-31 12:34:00,12:34:05,12:34:51,34061,34154,17390.0,80,17395.0,90,17395.0,17395.0,17395.0,17395.0,98,24,17390,78,17395,4
2016-10-31 12:35:00,12:35:03,12:35:54,34174,34286,17390.0,109,17395.0,11,17395.0,17400.0,17395.0,17400.0,97,-19,17395,30,17400,58
2016-10-31 12:36:00,12:36:00,12:36:00,0,0,0.0,0,0.0,0,17400.0,17400.0,17400.0,17400.0,0,0,0,0,0,0
2016-10-31 12:37:00,12:37:05,12:37:53,34316,34398,17395.0,37,17400.0,58,17400.0,17400.0,17395.0,17395.0,75,-53,17390,89,17395,6
2016-10-31 12:38:00,12:38:04,12:38:43,34413,34478,17390.0,90,17395.0,17,17395.0,17395.0,17395.0,17395.0,26,4,17390,92,17395,7
2016-10-31 12:39:00,12:39:06,12:39:06,34493,34495,17395.0,17,17400.0,63,17400.0,17400.0,17400.0,17400.0,3,3,17395,24,17400,61
2016-10-31 12:40:00,12:40:06,12:40:06,34538,34539,17395.0,56,17400.0,64,17400.0,17400.0,17400.0,17400.0,2,2,17395,55,17400,62
2016-10-31 12:41:00,12:41:08,12:41:48,34590,34656,17395.0,49,17400.0,62,17400.0,17400.0,17395.0,17395.0,50,-34,17395,39,17400,56
2016-10-31 12:42:00,12:42:00,12:42:00,0,0,0.0,0,0.0,0,17395.0,17395.0,17395.0,17395.0,0,0,0,0,0,0
2016-10-31 12:43:00,12:43:02,12:43:49,34681,34713,17395.0,64,17400.0,52,17400.0,17400.0,17395.0,17400.0,4,2,17395,52,17400,56
2016-10-31 12:44:00,12:44:09,12:44:29,34722,34778,17395.0,64,17400.0,50,17400.0,17400.0,17400.0,17400.0,78,-20,17395,63,17400,5
2016-10-31 12:45:00,12:45:00,12:45:57,34810,34932,17400.0,64,17405.0,52,17400.0,17405.0,17400.0,17400.0,117,-113,17400,13,17405,68
2016-10-31 12:46:00,12:46:12,12:46:12,34950,34950,17400.0,41,17405.0,62,17405.0,17405.0,17405.0,17405.0,2,2,17400,42,17405,60
2016-10-31 12:47:00,12:47:01,12:47:18,34966,34985,17400.0,41,17405.0,61,17405.0,17405.0,17400.0,17400.0,6,4,17400,65,17405,54
2016-10-31 12:48:00,12:48:01,12:48:01,34993,34993,17400.0,65,17405.0,62,17405.0,17405.0,17405.0,17405.0,2,2,17400,63,17405,60
2016-10-31 12:49:00,12:49:02,12:49:43,35010,35070,17400.0,65,17405.0,61,17405.0,17410.0,17405.0,17405.0,49,29,17405,36,17410,123
2016-10-31 12:50:00,12:50:02,12:50:55,35082,35128,17405.0,35,17410.0,123,17410.0,17410.0,17405.0,17405.0,9,-5,17405,20,17410,141
2016-10-31 12:51:00,12:51:34,12:51:34,35154,35169,17405.0,22,17410.0,141,17405.0,17405.0,17405.0,17405.0,24,-22,17400,59,17405,57
2016-10-31 12:52:00,12:52:14,12:52:37,35184,35243,17400.0,77,17405.0,67,17405.0,17405.0,17405.0,17405.0,49,33,17400,60,17405,18
2016-10-31 12:53:00,12:53:02,12:53:56,35262,35316,17400.0,64,17405.0,38,17405.0,17405.0,17405.0,17405.0,26,-12,17405,23,17410,116
2016-10-31 12:54:00,12:54:02,12:54:36,35323,35350,17405.0,24,17410.0,116,17410.0,17410.0,17405.0,17405.0,4,0,17405,28,17410,113
2016-10-31 12:55:00,12:55:03,12:55:03,35358,35366,17405.0,47,17410.0,105,17405.0,17405.0,17405.0,17405.0,12,-12,17405,38,17410,106
2016-10-31 12:56:00,12:56:22,12:56:56,35414,35436,17405.0,43,17410.0,109,17410.0,17410.0,17405.0,17405.0,4,0,17405,41,17410,105
2016-10-31 12:57:00,12:57:04,12:57:59,35444,35467,17405.0,49,17410.0,106,17410.0,17410.0,17410.0,17410.0,40,40,17405,69,17410,60
2016-10-31 12:58:00,12:58:01,12:58:23,35470,35498,17405.0,69,17410.0,60,17410.0,17410.0,17405.0,17405.0,3,1,17405,63,17410,70
2016-10-31 12:59:00,12:59:04,12:59:11,35528,35536,17405.0,57,17410.0,72,17410.0,17410.0,17410.0,17410.0,4,4,17405,55,17410,70
2016-10-31 13:00:00,13:00:07,13:00:59,35574,35759,17405.0,61,17410.0,62,17410.0,17415.0,17410.0,17415.0,240,100,17410,85,17415,4
2016-10-31 13:01:00,13:01:00,13:01:00,0,0,0.0,0,0.0,0,17415.0,17415.0,17415.0,17415.0,0,0,0,0,0,0
2016-10-31 13:02:00,13:02:03,13:02:21,35807,35959,17415.0,50,17420.0,62,17420.0,17425.0,17420.0,17420.0,238,238,17415,106,17420,24
2016-10-31 13:03:00,13:03:00,13:03:57,35994,36140,17415.0,103,17420.0,51,17420.0,17420.0,17420.0,17420.0,199,119,17415,87,17420,5
2016-10-31 13:04:00,13:04:01,13:04:54,36146,36205,17415.0,87,17420.0,24,17420.0,17420.0,17415.0,17420.0,7,5,17415,88,17420,60
2016-10-31 13:05:00,13:05:07,13:05:58,36211,36348,17415.0,88,17420.0,59,17420.0,17425.0,17420.0,17420.0,144,-22,17415,76,17420,7
2016-10-31 13:06:00,13:06:00,13:06:47,36354,36504,17415.0,79,17420.0,26,17420.0,17425.0,17420.0,17420.0,158,-31,17420,1,17425,86
2016-10-31 13:07:00,13:07:04,13:07:04,36529,36541,17420.0,68,17425.0,92,17420.0,17420.0,17420.0,17420.0,15,-15,17420,29,17425,85
2016-10-31 13:08:00,13:08:12,13:08:58,36597,36658,17420.0,49,17425.0,98,17425.0,17425.0,17425.0,17425.0,32,32,17420,85,17425,80
2016-10-31 13:09:00,13:09:01,13:09:58,36663,36724,17420.0,87,17425.0,82,17425.0,17425.0,17420.0,17425.0,18,12,17420,89,17425,64
2016-10-31 13:10:00,13:10:04,13:10:59,36731,36808,17420.0,90,17425.0,65,17425.0,17425.0,17420.0,17425.0,31,15,17420,81,17425,84
2016-10-31 13:11:00,13:11:02,13:11:57,36815,36877,17420.0,81,17425.0,87,17425.0,17425.0,17425.0,17425.0,16,16,17420,49,17425,87
2016-10-31 13:12:00,13:12:00,13:12:58,36886,36953,17420.0,52,17425.0,91,17425.0,17425.0,17420.0,17425.0,23,19,17420,53,17425,104
2016-10-31 13:13:00,13:13:05,13:13:57,36963,37017,17420.0,50,17425.0,108,17425.0,17425.0,17420.0,17425.0,18,16,17420,53,17425,95
2016-10-31 13:14:00,13:14:01,13:14:47,37026,37143,17420.0,65,17425.0,90,17425.0,17425.0,17420.0,17420.0,90,-60,17415,65,17420,84
2016-10-31 13:15:00,13:15:00,13:15:58,37159,37272,17415.0,61,17420.0,88,17420.0,17425.0,17420.0,17425.0,69,69,17420,105,17425,70
2016-10-31 13:16:00,13:16:02,13:16:58,37278,37354,17420.0,104,17425.0,70,17425.0,17425.0,17425.0,17425.0,14,14,17420,116,17425,96
2016-10-31 13:17:00,13:17:02,13:17:56,37359,37413,17420.0,120,17425.0,96,17425.0,17425.0,17425.0,17425.0,30,30,17420,127,17425,90
2016-10-31 13:18:00,13:18:07,13:18:50,37419,37456,17420.0,131,17425.0,87,17425.0,17425.0,17425.0,17425.0,17,17,17420,128,17425,69
2016-10-31 13:19:00,13:19:04,13:19:46,37465,37492,17420.0,125,17425.0,83,17425.0,17425.0,17425.0,17425.0,22,22,17420,122,17425,74
2016-10-31 13:20:00,13:20:07,13:20:57,37505,37596,17420.0,118,17425.0,76,17425.0,17425.0,17420.0,17420.0,125,35,17420,87,17425,63
2016-10-31 13:21:00,13:21:06,13:21:54,37604,37658,17420.0,91,17425.0,61,17425.0,17425.0,17420.0,17425.0,64,-32,17420,92,17425,44
2016-10-31 13:22:00,13:22:04,13:22:34,37667,37736,17420.0,81,17425.0,54,17425.0,17425.0,17420.0,17420.0,105,-101,17420,27,17425,78
2016-10-31 13:23:00,13:23:18,13:23:58,37778,37938,17420.0,51,17425.0,86,17420.0,17420.0,17410.0,17410.0,192,-154,17410,93,17415,48
2016-10-31 13:24:00,13:24:05,13:24:23,37950,37979,17410.0,103,17415.0,50,17415.0,17415.0,17410.0,17410.0,10,-4,17410,113,17415,49
2016-10-31 13:25:00,13:25:02,13:25:55,38000,38080,17410.0,123,17415.0,47,17415.0,17420.0,17415.0,17415.0,71,53,17415,81,17420,115
2016-10-31 13:26:00,13:26:11,13:26:58,38097,38165,17415.0,84,17420.0,115,17420.0,17420.0,17415.0,17415.0,105,45,17415,70,17420,76
2016-10-31 13:27:00,13:27:09,13:27:57,38176,38226,17415.0,97,17420.0,72,17420.0,17420.0,17415.0,17420.0,17,15,17415,94,17420,80
2016-10-31 13:28:00,13:28:07,13:28:54,38238,38284,17415.0,96,17420.0,76,17420.0,17420.0,17420.0,17420.0,36,36,17415,85,17420,54
2016-10-31 13:29:00,13:29:06,13:29:56,38299,38348,17415.0,87,17420.0,52,17420.0,17420.0,17420.0,17420.0,34,34,17415,92,17420,45
2016-10-31 13:30:00,13:30:02,13:30:58,38363,38449,17415.0,83,17420.0,54,17420.0,17420.0,17420.0,17420.0,42,42,17415,73,17420,38
2016-10-31 13:31:00,13:31:01,13:31:54,38454,38586,17415.0,72,17420.0,52,17420.0,17425.0,17415.0,17425.0,100,74,17420,48,17425,82
2016-10-31 13:32:00,13:32:36,13:32:54,38606,38670,17420.0,74,17425.0,77,17425.0,17425.0,17420.0,17420.0,41,-37,17420,36,17425,67
2016-10-31 13:33:00,13:33:06,13:33:46,38693,38792,17420.0,68,17425.0,67,17420.0,17425.0,17420.0,17425.0,61,59,17420,79,17425,59
2016-10-31 13:34:00,13:34:00,13:34:26,38810,38904,17420.0,88,17425.0,66,17425.0,17425.0,17420.0,17420.0,141,-97,17420,67,17425,83
2016-10-31 13:35:00,13:35:04,13:35:57,38928,38969,17420.0,74,17425.0,93,17425.0,17425.0,17420.0,17420.0,6,0,17420,74,17425,80
2016-10-31 13:36:00,13:36:01,13:36:59,38972,39010,17420.0,74,17425.0,80,17425.0,17425.0,17420.0,17420.0,15,-3,17420,63,17425,276
2016-10-31 13:37:00,13:37:04,13:37:46,39016,39111,17420.0,81,17425.0,75,17420.0,17430.0,17420.0,17425.0,135,-13,17420,51,17425,91
2016-10-31 13:38:00,13:38:00,13:38:00,0,0,0.0,0,0.0,0,17425.0,17425.0,17425.0,17425.0,0,0,0,0,0,0
2016-10-31 13:39:00,13:39:18,13:39:55,39203,39353,17420.0,71,17425.0,96,17420.0,17420.0,17420.0,17420.0,264,-158,17420,22,17425,85
2016-10-31 13:40:00,13:40:07,13:40:44,39370,39396,17420.0,86,17425.0,80,17420.0,17420.0,17420.0,17420.0,8,-8,17420,79,17425,75
2016-10-31 13:41:00,13:41:02,13:41:55,39407,39500,17420.0,83,17425.0,79,17420.0,17425.0,17420.0,17420.0,97,-37,17415,95,17425,93
2016-10-31 13:42:00,13:42:20,13:42:46,39534,39597,17415.0,90,17420.0,76,17420.0,17425.0,17420.0,17425.0,80,72,17420,89,17425,75
2016-10-31 13:43:00,13:43:01,13:43:50,39613,39710,17420.0,43,17425.0,105,17420.0,17425.0,17420.0,17420.0,73,-53,17415,79,17420,21
2016-10-31 13:44:00,13:44:04,13:44:58,39723,39800,17415.0,79,17420.0,70,17415.0,17420.0,17415.0,17415.0,74,-44,17415,75,17420,83
2016-10-31 13:45:00,13:45:05,13:45:55,39814,40043,17415.0,77,17420.0,83,17415.0,17415.0,17405.0,17405.0,259,-155,17405,57,17410,102
2016-10-31 13:46:00,13:46:20,13:46:42,40077,40119,17405.0,79,17410.0,102,17410.0,17410.0,17410.0,17410.0,12,12,17405,88,17410,77
2016-10-31 13:47:00,13:47:06,13:47:57,40142,40299,17405.0,86,17410.0,84,17410.0,17410.0,17405.0,17410.0,169,23,17405,116,17410,38
2016-10-31 13:48:00,13:48:20,13:48:20,40320,40320,17405.0,116,17410.0,85,17410.0,17410.0,17410.0,17410.0,1,1,17405,117,17410,84
2016-10-31 13:49:00,13:49:07,13:49:53,40356,40428,17405.0,113,17410.0,84,17410.0,17410.0,17405.0,17405.0,54,-2,17405,81,17410,89
2016-10-31 13:50:00,13:50:02,13:50:51,40444,40538,17405.0,81,17410.0,118,17405.0,17410.0,17405.0,17410.0,50,-30,17405,50,17410,99
2016-10-31 13:51:00,13:51:01,13:51:52,40550,40594,17405.0,85,17410.0,100,17410.0,17410.0,17405.0,17410.0,10,4,17405,92,17410,117
2016-10-31 13:52:00,13:52:00,13:52:42,40596,40757,17405.0,91,17410.0,117,17410.0,17410.0,17395.0,17400.0,211,-159,17395,116,17400,82
2016-10-31 13:53:00,13:53:02,13:53:53,40776,41009,17395.0,103,17400.0,192,17400.0,17410.0,17395.0,17410.0,428,170,17405,111,17410,77
2016-10-31 13:54:00,13:54:03,13:54:44,41019,41124,17405.0,123,17410.0,62,17410.0,17415.0,17405.0,17405.0,131,81,17405,115,17410,58
2016-10-31 13:55:00,13:55:00,13:55:57,41142,41352,17405.0,131,17410.0,50,17410.0,17415.0,17405.0,17415.0,257,-49,17410,99,17415,119
2016-10-31 13:56:00,13:56:01,13:56:56,41360,41468,17410.0,105,17415.0,75,17415.0,17415.0,17410.0,17415.0,49,-25,17410,105,17415,104
2016-10-31 13:57:00,13:57:01,13:57:59,41477,41721,17410.0,100,17415.0,108,17415.0,17420.0,17410.0,17415.0,379,-133,17415,29,17420,189
2016-10-31 13:58:00,13:58:00,13:58:57,41724,42007,17415.0,29,17420.0,189,17415.0,17420.0,17415.0,17420.0,358,94,17415,155,17420,65
2016-10-31 13:59:00,13:59:04,13:59:59,42021,42410,17415.0,145,17420.0,107,17420.0,17430.0,17410.0,17425.0,730,132,17425,162,17430,77
2016-10-31 14:00:00,14:00:00,14:00:57,42411,43017,17425.0,166,17430.0,216,17425.0,17435.0,17420.0,17425.0,1145,-113,17425,43,17430,168
2016-10-31 14:01:00,14:01:00,14:01:45,43022,43272,17425.0,45,17430.0,167,17430.0,17430.0,17420.0,17425.0,401,77,17420,127,17425,21
2016-10-31 14:02:00,14:02:00,14:02:59,43295,43577,17420.0,142,17425.0,96,17425.0,17440.0,17425.0,17435.0,420,348,17435,110,17440,185
2016-10-31 14:03:00,14:03:00,14:03:59,43579,43667,17435.0,110,17440.0,192,17440.0,17440.0,17435.0,17435.0,60,20,17435,156,17440,153
2016-10-31 14:04:00,14:04:00,14:04:58,43670,43820,17435.0,161,17440.0,156,17440.0,17440.0,17430.0,17435.0,189,-83,17430,169,17435,38
2016-10-31 14:05:00,14:05:00,14:05:58,43824,44076,17430.0,158,17435.0,43,17435.0,17440.0,17430.0,17430.0,540,166,17430,113,17435,137
2016-10-31 14:06:00,14:06:04,14:06:21,44087,44129,17430.0,118,17435.0,130,17430.0,17435.0,17430.0,17430.0,90,10,17430,134,17435,90
2016-10-31 14:07:00,14:07:10,14:07:54,44175,44222,17430.0,137,17435.0,176,17430.0,17430.0,17430.0,17430.0,45,-45,17430,168,17435,178
2016-10-31 14:08:00,14:08:25,14:08:59,44236,44288,17430.0,180,17435.0,178,17430.0,17435.0,17430.0,17435.0,44,14,17430,153,17435,143
